<?xml version="1.0" encoding="UTF-8"?>
<project-private xmlns="http://www.netbeans.org/ns/project-private/1">
    <editor-bookmarks xmlns="http://www.netbeans.org/ns/editor-bookmarks/2" lastBookmarkId="0"/>
    <open-files xmlns="http://www.netbeans.org/ns/projectui-open-files/2">
        <group>
            <file>file:/C:/Users/Pichau/Desktop/Projeto%20(1)/Projeto/src/projeto/Acompanhamento.java</file>
            <file>file:/C:/Users/Pichau/Desktop/Projeto%20(1)/Projeto/src/projeto/Pilha.java</file>
            <file>file:/C:/Users/Pichau/Desktop/Projeto%20(1)/Projeto/src/projeto/Produto.java</file>
            <file>file:/C:/Users/Pichau/Desktop/Projeto%20(1)/Projeto/src/projeto/Pizza.java</file>
            <file>file:/C:/Users/Pichau/Desktop/Projeto%20(1)/Projeto/src/projeto/Pedidos.java</file>
            <file>file:/C:/Users/Pichau/Desktop/Projeto%20(1)/Projeto/src/projeto/TAD_Pilha.java</file>
            <file>file:/C:/Users/Pichau/Desktop/Projeto%20(1)/Projeto/src/projeto/Borda.java</file>
            <file>file:/C:/Users/Pichau/Desktop/Projeto%20(1)/Projeto/src/projeto/JanelaPedidos.java</file>
        </group>
    </open-files>
</project-private>
